facility_node_set,facility_buffer_m,endpoint_snap_threshold_m,merge_mode,raw_line_features,merged_circuits,reduction_percentage,inter_facility_circuits,self_loops,single_facility,isolated,tap_multi_terminal,ambiguous,loop,clean_branch_count,graph_nodes,graph_edges,connected_components,largest_component_size,isolated_nodes,mixed_voltage_circuits,mixed_status_circuits,suspicious_matches,strategy_score,recommended_yes_no,reason
A,50,0.5,geometry-only,5334,1340,74.8781,180,37,571,428,108,11,5,180,231,180,64,15,0,0,1,10,17690,no,no mixed-voltage circuits; moderate facility buffer; conservative endpoint snapping
A,50,0.5,voltage-aware,5334,1340,74.8781,180,37,571,428,108,11,5,180,231,180,64,15,0,0,1,10,17690,no,no mixed-voltage circuits; moderate facility buffer; conservative endpoint snapping
A,50,0.5,voltage-status-aware,5334,1341,74.8594,180,37,571,430,108,10,5,180,231,180,64,15,0,0,0,10,17750,no,no mixed-voltage circuits; moderate facility buffer; conservative endpoint snapping
A,50,1.0,geometry-only,5334,1234,76.8654,157,30,497,402,122,18,8,157,209,157,60,14,0,0,9,9,14960,no,no mixed-voltage circuits; moderate facility buffer; conservative endpoint snapping
A,50,1.0,voltage-aware,5334,1234,76.8654,157,30,497,402,122,18,8,157,209,157,60,14,0,0,9,9,14960,no,no mixed-voltage circuits; moderate facility buffer; conservative endpoint snapping
A,50,1.0,voltage-status-aware,5334,1247,76.6217,157,32,506,408,127,9,8,157,209,157,60,14,0,0,0,9,15500,no,no mixed-voltage circuits; moderate facility buffer; conservative endpoint snapping
A,50,5.0,geometry-only,5334,877,83.5583,101,16,290,247,146,49,28,101,155,101,57,6,0,0,40,9,7100,no,no mixed-voltage circuits; moderate facility buffer; conservative endpoint snapping
A,50,5.0,voltage-aware,5334,877,83.5583,101,16,290,247,146,49,28,101,155,101,57,6,0,0,40,9,7100,no,no mixed-voltage circuits; moderate facility buffer; conservative endpoint snapping
A,50,5.0,voltage-status-aware,5334,942,82.3397,102,20,316,292,171,9,32,102,156,102,57,6,0,0,0,9,9600,no,no mixed-voltage circuits; moderate facility buffer; conservative endpoint snapping
A,50,10.0,geometry-only,5334,440,91.751,37,13,112,133,67,41,37,37,64,37,27,7,0,0,37,5,1380,no,no mixed-voltage circuits; moderate facility buffer; conservative endpoint snapping
A,50,10.0,voltage-aware,5334,440,91.751,37,13,112,133,67,41,37,37,64,37,27,7,0,0,37,5,1380,no,no mixed-voltage circuits; moderate facility buffer; conservative endpoint snapping
A,50,10.0,voltage-status-aware,5334,515,90.345,40,15,133,182,97,5,43,40,69,40,29,7,0,0,0,5,3850,no,no mixed-voltage circuits; moderate facility buffer; conservative endpoint snapping
A,50,25.0,geometry-only,5334,126,97.6378,3,1,9,68,13,8,24,3,6,3,3,2,0,0,7,1,-120,no,no mixed-voltage circuits; moderate facility buffer; conservative endpoint snapping
A,50,25.0,voltage-aware,5334,126,97.6378,3,1,9,68,13,8,24,3,6,3,3,2,0,0,7,1,-120,no,no mixed-voltage circuits; moderate facility buffer; conservative endpoint snapping
A,50,25.0,voltage-status-aware,5334,200,96.2505,3,2,28,108,21,1,37,3,6,3,3,2,0,0,0,1,300,no,no mixed-voltage circuits; moderate facility buffer; conservative endpoint snapping
A,50,50.0,geometry-only,5334,79,98.5189,1,0,1,56,3,4,14,1,2,1,1,2,0,1,3,1,-430,no,moderate facility buffer
A,50,50.0,voltage-aware,5334,80,98.5002,1,0,1,56,3,5,14,1,2,1,1,2,0,0,4,1,-390,no,no mixed-voltage circuits; moderate facility buffer
A,50,50.0,voltage-status-aware,5334,151,97.1691,1,1,16,92,7,1,33,1,2,1,1,2,0,0,0,1,-150,no,no mixed-voltage circuits; moderate facility buffer
A,100,0.5,geometry-only,5334,1340,74.8781,221,51,565,373,107,18,5,221,260,221,60,14,0,0,1,17,21040,no,no mixed-voltage circuits; moderate facility buffer; conservative endpoint snapping
A,100,0.5,voltage-aware,5334,1340,74.8781,221,51,565,373,107,18,5,221,260,221,60,14,0,0,1,17,21040,no,no mixed-voltage circuits; moderate facility buffer; conservative endpoint snapping
A,100,0.5,voltage-status-aware,5334,1341,74.8594,221,51,565,375,107,17,5,221,260,221,60,14,0,0,0,17,21100,no,no mixed-voltage circuits; moderate facility buffer; conservative endpoint snapping
A,100,1.0,geometry-only,5334,1234,76.8654,192,44,494,350,121,25,8,192,240,192,61,11,0,0,9,16,17610,no,no mixed-voltage circuits; moderate facility buffer; conservative endpoint snapping
A,100,1.0,voltage-aware,5334,1234,76.8654,192,44,494,350,121,25,8,192,240,192,61,11,0,0,9,16,17610,no,no mixed-voltage circuits; moderate facility buffer; conservative endpoint snapping
A,100,1.0,voltage-status-aware,5334,1247,76.6217,192,46,503,356,126,16,8,192,240,192,61,11,0,0,0,16,18150,no,no mixed-voltage circuits; moderate facility buffer; conservative endpoint snapping
A,100,5.0,geometry-only,5334,877,83.5583,119,21,297,211,145,56,28,119,178,119,62,6,0,0,40,16,8200,no,no mixed-voltage circuits; moderate facility buffer; conservative endpoint snapping
A,100,5.0,voltage-aware,5334,877,83.5583,119,21,297,211,145,56,28,119,178,119,62,6,0,0,40,16,8200,no,no mixed-voltage circuits; moderate facility buffer; conservative endpoint snapping
A,100,5.0,voltage-status-aware,5334,942,82.3397,122,26,324,252,170,16,32,122,182,122,63,6,0,0,0,16,10900,no,no mixed-voltage circuits; moderate facility buffer; conservative endpoint snapping
A,100,10.0,geometry-only,5334,440,91.751,44,19,108,121,65,46,37,44,76,44,32,7,0,0,37,11,1530,no,no mixed-voltage circuits; moderate facility buffer; conservative endpoint snapping
A,100,10.0,voltage-aware,5334,440,91.751,44,19,108,121,65,46,37,44,76,44,32,7,0,0,37,11,1530,no,no mixed-voltage circuits; moderate facility buffer; conservative endpoint snapping
A,100,10.0,voltage-status-aware,5334,515,90.345,48,23,130,166,94,11,43,48,83,48,35,7,0,0,0,11,4050,no,no mixed-voltage circuits; moderate facility buffer; conservative endpoint snapping
A,100,25.0,geometry-only,5334,126,97.6378,5,1,9,66,13,8,24,5,10,5,5,2,0,0,7,2,30,no,no mixed-voltage circuits; moderate facility buffer; conservative endpoint snapping
A,100,25.0,voltage-aware,5334,126,97.6378,5,1,9,66,13,8,24,5,10,5,5,2,0,0,7,2,30,no,no mixed-voltage circuits; moderate facility buffer; conservative endpoint snapping
A,100,25.0,voltage-status-aware,5334,200,96.2505,6,5,28,102,20,2,37,6,12,6,6,2,0,0,0,2,500,no,no mixed-voltage circuits; moderate facility buffer; conservative endpoint snapping
A,100,50.0,geometry-only,5334,79,98.5189,1,0,2,55,3,4,14,1,2,1,1,2,0,1,3,1,-430,no,moderate facility buffer
A,100,50.0,voltage-aware,5334,80,98.5002,1,0,2,55,3,5,14,1,2,1,1,2,0,0,4,1,-390,no,no mixed-voltage circuits; moderate facility buffer
A,100,50.0,voltage-status-aware,5334,151,97.1691,1,2,18,89,7,1,33,1,2,1,1,2,0,0,0,1,-150,no,no mixed-voltage circuits; moderate facility buffer
A,250,0.5,geometry-only,5334,1340,74.8781,229,73,550,347,105,31,5,229,264,229,60,11,0,0,1,30,20390,no,no mixed-voltage circuits; moderate facility buffer; conservative endpoint snapping
A,250,0.5,voltage-aware,5334,1340,74.8781,229,73,550,347,105,31,5,229,264,229,60,11,0,0,1,30,20390,no,no mixed-voltage circuits; moderate facility buffer; conservative endpoint snapping
A,250,0.5,voltage-status-aware,5334,1341,74.8594,229,73,550,349,105,30,5,229,264,229,60,11,0,0,0,30,20450,no,no mixed-voltage circuits; moderate facility buffer; conservative endpoint snapping
A,250,1.0,geometry-only,5334,1234,76.8654,202,66,479,324,119,36,8,202,247,202,63,10,0,0,9,27,17460,no,no mixed-voltage circuits; moderate facility buffer; conservative endpoint snapping
A,250,1.0,voltage-aware,5334,1234,76.8654,202,66,479,324,119,36,8,202,247,202,63,10,0,0,9,27,17460,no,no mixed-voltage circuits; moderate facility buffer; conservative endpoint snapping
A,250,1.0,voltage-status-aware,5334,1247,76.6217,202,68,488,330,124,27,8,202,247,202,63,10,0,0,0,27,18000,no,no mixed-voltage circuits; moderate facility buffer; conservative endpoint snapping
A,250,5.0,geometry-only,5334,877,83.5583,122,29,292,198,144,64,28,122,180,122,62,6,0,0,40,26,7600,no,no mixed-voltage circuits; moderate facility buffer; conservative endpoint snapping
A,250,5.0,voltage-aware,5334,877,83.5583,122,29,292,198,144,64,28,122,180,122,62,6,0,0,40,26,7600,no,no mixed-voltage circuits; moderate facility buffer; conservative endpoint snapping
A,250,5.0,voltage-status-aware,5334,942,82.3397,125,39,318,234,168,26,32,125,185,125,64,6,0,0,0,26,10200,no,no mixed-voltage circuits; moderate facility buffer; conservative endpoint snapping
A,250,10.0,geometry-only,5334,440,91.751,44,23,113,112,65,46,37,44,76,44,32,7,0,0,37,12,1480,no,no mixed-voltage circuits; moderate facility buffer; conservative endpoint snapping
A,250,10.0,voltage-aware,5334,440,91.751,44,23,113,112,65,46,37,44,76,44,32,7,0,0,37,12,1480,no,no mixed-voltage circuits; moderate facility buffer; conservative endpoint snapping
A,250,10.0,voltage-status-aware,5334,515,90.345,48,31,135,153,93,12,43,48,83,48,35,7,0,0,0,12,3950,no,no mixed-voltage circuits; moderate facility buffer; conservative endpoint snapping
A,250,25.0,geometry-only,5334,126,97.6378,5,2,13,61,13,8,24,5,10,5,5,2,0,0,7,2,30,no,no mixed-voltage circuits; moderate facility buffer; conservative endpoint snapping
A,250,25.0,voltage-aware,5334,126,97.6378,5,2,13,61,13,8,24,5,10,5,5,2,0,0,7,2,30,no,no mixed-voltage circuits; moderate facility buffer; conservative endpoint snapping
A,250,25.0,voltage-status-aware,5334,200,96.2505,6,9,32,94,20,2,37,6,12,6,6,2,0,0,0,2,500,no,no mixed-voltage circuits; moderate facility buffer; conservative endpoint snapping
A,250,50.0,geometry-only,5334,79,98.5189,1,0,6,51,3,4,14,1,2,1,1,2,0,1,3,1,-430,no,moderate facility buffer
A,250,50.0,voltage-aware,5334,80,98.5002,1,0,6,51,3,5,14,1,2,1,1,2,0,0,4,1,-390,no,no mixed-voltage circuits; moderate facility buffer
A,250,50.0,voltage-status-aware,5334,151,97.1691,1,3,24,82,7,1,33,1,2,1,1,2,0,0,0,1,-150,no,no mixed-voltage circuits; moderate facility buffer
A,500,0.5,geometry-only,5334,1340,74.8781,239,96,522,338,105,35,5,239,271,239,60,11,0,0,1,34,20490,no,no mixed-voltage circuits; conservative endpoint snapping
A,500,0.5,voltage-aware,5334,1340,74.8781,239,96,522,338,105,35,5,239,271,239,60,11,0,0,1,34,20490,no,no mixed-voltage circuits; conservative endpoint snapping
A,500,0.5,voltage-status-aware,5334,1341,74.8594,239,96,522,340,105,34,5,239,271,239,60,11,0,0,0,34,20550,no,no mixed-voltage circuits; conservative endpoint snapping
A,500,1.0,geometry-only,5334,1234,76.8654,208,85,459,315,119,40,8,208,251,208,63,10,0,0,9,31,17160,no,no mixed-voltage circuits; conservative endpoint snapping
A,500,1.0,voltage-aware,5334,1234,76.8654,208,85,459,315,119,40,8,208,251,208,63,10,0,0,9,31,17160,no,no mixed-voltage circuits; conservative endpoint snapping
A,500,1.0,voltage-status-aware,5334,1247,76.6217,208,87,468,321,124,31,8,208,251,208,63,10,0,0,0,31,17700,no,no mixed-voltage circuits; conservative endpoint snapping
A,500,5.0,geometry-only,5334,877,83.5583,127,40,281,193,144,64,28,127,185,127,63,7,0,0,40,26,7650,no,no mixed-voltage circuits; conservative endpoint snapping
A,500,5.0,voltage-aware,5334,877,83.5583,127,40,281,193,144,64,28,127,185,127,63,7,0,0,40,26,7650,no,no mixed-voltage circuits; conservative endpoint snapping
A,500,5.0,voltage-status-aware,5334,942,82.3397,130,51,307,228,168,26,32,130,190,130,65,7,0,0,0,26,10250,no,no mixed-voltage circuits; conservative endpoint snapping
A,500,10.0,geometry-only,5334,440,91.751,46,28,108,110,65,46,37,46,80,46,34,7,0,0,37,12,1180,no,no mixed-voltage circuits; conservative endpoint snapping
A,500,10.0,voltage-aware,5334,440,91.751,46,28,108,110,65,46,37,46,80,46,34,7,0,0,37,12,1180,no,no mixed-voltage circuits; conservative endpoint snapping
A,500,10.0,voltage-status-aware,5334,515,90.345,50,38,130,149,93,12,43,50,86,50,36,7,0,0,0,12,3650,no,no mixed-voltage circuits; conservative endpoint snapping
A,500,25.0,geometry-only,5334,126,97.6378,5,3,13,60,13,8,24,5,10,5,5,2,0,0,7,2,-470,no,no mixed-voltage circuits; conservative endpoint snapping
A,500,25.0,voltage-aware,5334,126,97.6378,5,3,13,60,13,8,24,5,10,5,5,2,0,0,7,2,-470,no,no mixed-voltage circuits; conservative endpoint snapping
A,500,25.0,voltage-status-aware,5334,200,96.2505,6,12,32,91,20,2,37,6,12,6,6,2,0,0,0,2,0,no,no mixed-voltage circuits; conservative endpoint snapping
A,500,50.0,geometry-only,5334,79,98.5189,1,1,6,50,3,4,14,1,2,1,1,2,0,1,3,1,-930,no,higher ambiguity or weak graph structure
A,500,50.0,voltage-aware,5334,80,98.5002,1,1,6,50,3,5,14,1,2,1,1,2,0,0,4,1,-890,no,no mixed-voltage circuits
A,500,50.0,voltage-status-aware,5334,151,97.1691,1,6,24,79,7,1,33,1,2,1,1,2,0,0,0,1,-650,no,no mixed-voltage circuits
B,50,0.5,geometry-only,5334,1340,74.8781,295,82,540,267,105,46,5,295,335,295,69,19,0,0,1,45,25890,no,no mixed-voltage circuits; moderate facility buffer; conservative endpoint snapping
B,50,0.5,voltage-aware,5334,1340,74.8781,295,82,540,267,105,46,5,295,335,295,69,19,0,0,1,45,25890,no,no mixed-voltage circuits; moderate facility buffer; conservative endpoint snapping
B,50,0.5,voltage-status-aware,5334,1341,74.8594,295,82,540,269,105,45,5,295,335,295,69,19,0,0,0,45,25950,no,no mixed-voltage circuits; moderate facility buffer; conservative endpoint snapping
B,50,1.0,geometry-only,5334,1234,76.8654,244,77,498,257,120,30,8,244,290,244,66,17,0,0,9,23,22510,no,no mixed-voltage circuits; moderate facility buffer; conservative endpoint snapping
B,50,1.0,voltage-aware,5334,1234,76.8654,244,77,498,257,120,30,8,244,290,244,66,17,0,0,9,23,22510,no,no mixed-voltage circuits; moderate facility buffer; conservative endpoint snapping
B,50,1.0,voltage-status-aware,5334,1247,76.6217,246,77,506,260,123,27,8,246,291,246,66,17,0,0,0,27,22750,no,no mixed-voltage circuits; moderate facility buffer; conservative endpoint snapping
B,50,5.0,geometry-only,5334,877,83.5583,131,44,309,168,146,51,28,131,189,131,62,7,0,0,40,11,9950,no,no mixed-voltage circuits; moderate facility buffer; conservative endpoint snapping
B,50,5.0,voltage-aware,5334,877,83.5583,131,44,309,168,146,51,28,131,189,131,62,7,0,0,40,11,9950,no,no mixed-voltage circuits; moderate facility buffer; conservative endpoint snapping
B,50,5.0,voltage-status-aware,5334,942,82.3397,139,47,332,208,171,13,32,139,196,139,64,9,0,0,0,13,13050,no,no mixed-voltage circuits; moderate facility buffer; conservative endpoint snapping
B,50,10.0,geometry-only,5334,440,91.751,44,17,123,110,67,42,37,44,76,44,32,7,0,0,37,7,1930,no,no mixed-voltage circuits; moderate facility buffer; conservative endpoint snapping
B,50,10.0,voltage-aware,5334,440,91.751,44,17,123,110,67,42,37,44,76,44,32,7,0,0,37,7,1930,no,no mixed-voltage circuits; moderate facility buffer; conservative endpoint snapping
B,50,10.0,voltage-status-aware,5334,515,90.345,50,20,143,155,95,9,43,50,86,50,36,7,0,0,0,9,4450,no,no mixed-voltage circuits; moderate facility buffer; conservative endpoint snapping
B,50,25.0,geometry-only,5334,126,97.6378,3,1,10,67,13,8,24,3,6,3,3,2,0,0,7,2,-170,no,no mixed-voltage circuits; moderate facility buffer; conservative endpoint snapping
B,50,25.0,voltage-aware,5334,126,97.6378,3,1,10,67,13,8,24,3,6,3,3,2,0,0,7,2,-170,no,no mixed-voltage circuits; moderate facility buffer; conservative endpoint snapping
B,50,25.0,voltage-status-aware,5334,200,96.2505,5,2,31,103,20,2,37,5,10,5,5,2,0,0,0,2,400,no,no mixed-voltage circuits; moderate facility buffer; conservative endpoint snapping
B,50,50.0,geometry-only,5334,79,98.5189,1,0,1,56,3,4,14,1,2,1,1,2,0,1,3,1,-430,no,moderate facility buffer
B,50,50.0,voltage-aware,5334,80,98.5002,1,0,1,56,3,5,14,1,2,1,1,2,0,0,4,1,-390,no,no mixed-voltage circuits; moderate facility buffer
B,50,50.0,voltage-status-aware,5334,151,97.1691,3,1,18,88,7,1,33,3,6,3,3,2,0,0,0,1,50,no,no mixed-voltage circuits; moderate facility buffer
B,100,0.5,geometry-only,5334,1340,74.8781,358,101,496,214,104,62,5,358,375,358,61,53,0,0,1,61,32290,no,no mixed-voltage circuits; moderate facility buffer; conservative endpoint snapping
B,100,0.5,voltage-aware,5334,1340,74.8781,358,101,496,214,104,62,5,358,375,358,61,53,0,0,1,61,32290,no,no mixed-voltage circuits; moderate facility buffer; conservative endpoint snapping
B,100,0.5,voltage-status-aware,5334,1341,74.8594,358,101,496,216,104,61,5,358,375,358,61,53,0,0,0,61,32350,yes,no mixed-voltage circuits; moderate facility buffer; conservative endpoint snapping
B,100,1.0,geometry-only,5334,1234,76.8654,298,97,462,206,118,45,8,298,334,298,61,37,0,0,9,38,27410,no,no mixed-voltage circuits; moderate facility buffer; conservative endpoint snapping
B,100,1.0,voltage-aware,5334,1234,76.8654,298,97,462,206,118,45,8,298,334,298,61,37,0,0,9,38,27410,no,no mixed-voltage circuits; moderate facility buffer; conservative endpoint snapping
B,100,1.0,voltage-status-aware,5334,1247,76.6217,300,97,470,209,121,42,8,300,335,300,61,37,0,0,0,42,27650,no,no mixed-voltage circuits; moderate facility buffer; conservative endpoint snapping
B,100,5.0,geometry-only,5334,877,83.5583,155,54,298,135,144,63,28,155,219,155,68,8,0,0,40,23,11200,no,no mixed-voltage circuits; moderate facility buffer; conservative endpoint snapping
B,100,5.0,voltage-aware,5334,877,83.5583,155,54,298,135,144,63,28,155,219,155,68,8,0,0,40,23,11200,no,no mixed-voltage circuits; moderate facility buffer; conservative endpoint snapping
B,100,5.0,voltage-status-aware,5334,942,82.3397,165,58,323,170,169,25,32,165,229,165,71,11,0,0,0,25,14550,no,no mixed-voltage circuits; moderate facility buffer; conservative endpoint snapping
B,100,10.0,geometry-only,5334,440,91.751,56,25,108,101,64,49,37,56,98,56,42,7,0,0,37,16,2330,no,no mixed-voltage circuits; moderate facility buffer; conservative endpoint snapping
B,100,10.0,voltage-aware,5334,440,91.751,56,25,108,101,64,49,37,56,98,56,42,7,0,0,37,16,2330,no,no mixed-voltage circuits; moderate facility buffer; conservative endpoint snapping
B,100,10.0,voltage-status-aware,5334,515,90.345,63,31,130,140,90,18,43,63,109,63,46,7,0,0,0,18,4850,no,no mixed-voltage circuits; moderate facility buffer; conservative endpoint snapping
B,100,25.0,geometry-only,5334,126,97.6378,6,1,9,65,13,8,24,6,12,6,6,2,0,0,7,2,130,no,no mixed-voltage circuits; moderate facility buffer; conservative endpoint snapping
B,100,25.0,voltage-aware,5334,126,97.6378,6,1,9,65,13,8,24,6,12,6,6,2,0,0,7,2,130,no,no mixed-voltage circuits; moderate facility buffer; conservative endpoint snapping
B,100,25.0,voltage-status-aware,5334,200,96.2505,9,6,30,96,20,2,37,9,18,9,9,2,0,0,0,2,800,no,no mixed-voltage circuits; moderate facility buffer; conservative endpoint snapping
B,100,50.0,geometry-only,5334,79,98.5189,1,0,2,55,3,4,14,1,2,1,1,2,0,1,3,1,-430,no,moderate facility buffer
B,100,50.0,voltage-aware,5334,80,98.5002,1,0,2,55,3,5,14,1,2,1,1,2,0,0,4,1,-390,no,no mixed-voltage circuits; moderate facility buffer
B,100,50.0,voltage-status-aware,5334,151,97.1691,3,3,20,84,7,1,33,3,6,3,3,2,0,0,0,1,50,no,no mixed-voltage circuits; moderate facility buffer
B,250,0.5,geometry-only,5334,1340,74.8781,363,117,474,196,102,83,5,363,376,363,59,27,0,0,1,82,29390,no,no mixed-voltage circuits; moderate facility buffer; conservative endpoint snapping
B,250,0.5,voltage-aware,5334,1340,74.8781,363,117,474,196,102,83,5,363,376,363,59,27,0,0,1,82,29390,no,no mixed-voltage circuits; moderate facility buffer; conservative endpoint snapping
B,250,0.5,voltage-status-aware,5334,1341,74.8594,363,117,474,198,102,82,5,363,376,363,59,27,0,0,0,82,29450,no,no mixed-voltage circuits; moderate facility buffer; conservative endpoint snapping
B,250,1.0,geometry-only,5334,1234,76.8654,305,112,441,188,116,64,8,305,338,305,61,27,0,0,9,57,25710,no,no mixed-voltage circuits; moderate facility buffer; conservative endpoint snapping
B,250,1.0,voltage-aware,5334,1234,76.8654,305,112,441,188,116,64,8,305,338,305,61,27,0,0,9,57,25710,no,no mixed-voltage circuits; moderate facility buffer; conservative endpoint snapping
B,250,1.0,voltage-status-aware,5334,1247,76.6217,307,113,448,191,119,61,8,307,338,307,60,27,0,0,0,61,25950,no,no mixed-voltage circuits; moderate facility buffer; conservative endpoint snapping
B,250,5.0,geometry-only,5334,877,83.5583,155,58,292,126,143,75,28,155,218,155,68,8,0,0,40,39,9800,no,no mixed-voltage circuits; moderate facility buffer; conservative endpoint snapping
B,250,5.0,voltage-aware,5334,877,83.5583,155,58,292,126,143,75,28,155,218,155,68,8,0,0,40,39,9800,no,no mixed-voltage circuits; moderate facility buffer; conservative endpoint snapping
B,250,5.0,voltage-status-aware,5334,942,82.3397,164,68,318,154,165,41,32,164,228,164,71,8,0,0,0,41,12700,no,no mixed-voltage circuits; moderate facility buffer; conservative endpoint snapping
B,250,10.0,geometry-only,5334,440,91.751,57,25,112,94,64,51,37,57,100,57,43,7,0,0,37,20,2130,no,no mixed-voltage circuits; moderate facility buffer; conservative endpoint snapping
B,250,10.0,voltage-aware,5334,440,91.751,57,25,112,94,64,51,37,57,100,57,43,7,0,0,37,20,2130,no,no mixed-voltage circuits; moderate facility buffer; conservative endpoint snapping
B,250,10.0,voltage-status-aware,5334,515,90.345,64,36,135,127,88,22,43,64,110,64,46,7,0,0,0,22,4550,no,no mixed-voltage circuits; moderate facility buffer; conservative endpoint snapping
B,250,25.0,geometry-only,5334,126,97.6378,6,2,13,60,13,8,24,6,12,6,6,2,0,0,7,2,130,no,no mixed-voltage circuits; moderate facility buffer; conservative endpoint snapping
B,250,25.0,voltage-aware,5334,126,97.6378,6,2,13,60,13,8,24,6,12,6,6,2,0,0,7,2,130,no,no mixed-voltage circuits; moderate facility buffer; conservative endpoint snapping
B,250,25.0,voltage-status-aware,5334,200,96.2505,9,11,34,87,19,3,37,9,18,9,9,2,0,0,0,3,700,no,no mixed-voltage circuits; moderate facility buffer; conservative endpoint snapping
B,250,50.0,geometry-only,5334,79,98.5189,1,0,6,51,3,4,14,1,2,1,1,2,0,1,3,2,-480,no,moderate facility buffer
B,250,50.0,voltage-aware,5334,80,98.5002,1,0,6,51,3,5,14,1,2,1,1,2,0,0,4,2,-440,no,no mixed-voltage circuits; moderate facility buffer
B,250,50.0,voltage-status-aware,5334,151,97.1691,3,5,26,76,6,2,33,3,6,3,3,2,0,0,0,2,-50,no,no mixed-voltage circuits; moderate facility buffer
B,500,0.5,geometry-only,5334,1340,74.8781,368,150,439,186,102,90,5,368,378,368,58,27,0,0,1,89,28690,no,no mixed-voltage circuits; conservative endpoint snapping
B,500,0.5,voltage-aware,5334,1340,74.8781,368,150,439,186,102,90,5,368,378,368,58,27,0,0,1,89,28690,no,no mixed-voltage circuits; conservative endpoint snapping
B,500,0.5,voltage-status-aware,5334,1341,74.8594,368,150,439,188,102,89,5,368,378,368,58,27,0,0,0,89,28750,no,no mixed-voltage circuits; conservative endpoint snapping
B,500,1.0,geometry-only,5334,1234,76.8654,312,143,410,177,114,70,8,312,341,312,60,27,0,0,9,63,25310,no,no mixed-voltage circuits; conservative endpoint snapping
B,500,1.0,voltage-aware,5334,1234,76.8654,312,143,410,177,114,70,8,312,341,312,60,27,0,0,9,63,25310,no,no mixed-voltage circuits; conservative endpoint snapping
B,500,1.0,voltage-status-aware,5334,1247,76.6217,314,145,416,180,117,67,8,314,341,314,59,27,0,0,0,67,25550,no,no mixed-voltage circuits; conservative endpoint snapping
B,500,5.0,geometry-only,5334,877,83.5583,162,72,275,120,141,79,28,162,224,162,68,8,0,0,40,44,9550,no,no mixed-voltage circuits; conservative endpoint snapping
B,500,5.0,voltage-aware,5334,877,83.5583,162,72,275,120,141,79,28,162,224,162,68,8,0,0,40,44,9550,no,no mixed-voltage circuits; conservative endpoint snapping
B,500,5.0,voltage-status-aware,5334,942,82.3397,171,85,300,146,161,47,32,171,233,171,71,8,0,0,0,47,12300,no,no mixed-voltage circuits; conservative endpoint snapping
B,500,10.0,geometry-only,5334,440,91.751,59,32,106,90,64,52,37,59,104,59,45,7,0,0,37,21,1730,no,no mixed-voltage circuits; conservative endpoint snapping
B,500,10.0,voltage-aware,5334,440,91.751,59,32,106,90,64,52,37,59,104,59,45,7,0,0,37,21,1730,no,no mixed-voltage circuits; conservative endpoint snapping
B,500,10.0,voltage-status-aware,5334,515,90.345,66,47,128,120,88,23,43,66,113,66,47,7,0,0,0,23,4150,no,no mixed-voltage circuits; conservative endpoint snapping
B,500,25.0,geometry-only,5334,126,97.6378,6,4,13,58,13,8,24,6,12,6,6,2,0,0,7,2,-370,no,no mixed-voltage circuits; conservative endpoint snapping
B,500,25.0,voltage-aware,5334,126,97.6378,6,4,13,58,13,8,24,6,12,6,6,2,0,0,7,2,-370,no,no mixed-voltage circuits; conservative endpoint snapping
B,500,25.0,voltage-status-aware,5334,200,96.2505,9,17,34,81,19,3,37,9,18,9,9,2,0,0,0,3,200,no,no mixed-voltage circuits; conservative endpoint snapping
B,500,50.0,geometry-only,5334,79,98.5189,1,1,7,49,3,4,14,1,2,1,1,2,0,1,3,2,-980,no,higher ambiguity or weak graph structure
B,500,50.0,voltage-aware,5334,80,98.5002,1,1,7,49,3,5,14,1,2,1,1,2,0,0,4,2,-940,no,no mixed-voltage circuits
B,500,50.0,voltage-status-aware,5334,151,97.1691,3,10,27,70,5,3,33,3,6,3,3,2,0,0,0,3,-650,no,no mixed-voltage circuits
C,50,0.5,geometry-only,5334,1340,74.8781,290,82,529,267,105,62,5,290,331,290,69,19,0,0,1,61,23790,no,no mixed-voltage circuits; moderate facility buffer; conservative endpoint snapping
C,50,0.5,voltage-aware,5334,1340,74.8781,290,82,529,267,105,62,5,290,331,290,69,19,0,0,1,61,23790,no,no mixed-voltage circuits; moderate facility buffer; conservative endpoint snapping
C,50,0.5,voltage-status-aware,5334,1341,74.8594,290,82,529,269,105,61,5,290,331,290,69,19,0,0,0,61,23850,no,no mixed-voltage circuits; moderate facility buffer; conservative endpoint snapping
C,50,1.0,geometry-only,5334,1234,76.8654,239,77,489,257,120,44,8,239,286,239,66,17,0,0,9,37,20610,no,no mixed-voltage circuits; moderate facility buffer; conservative endpoint snapping
C,50,1.0,voltage-aware,5334,1234,76.8654,239,77,489,257,120,44,8,239,286,239,66,17,0,0,9,37,20610,no,no mixed-voltage circuits; moderate facility buffer; conservative endpoint snapping
C,50,1.0,voltage-status-aware,5334,1247,76.6217,241,77,495,260,123,43,8,241,287,241,66,17,0,0,0,43,20650,no,no mixed-voltage circuits; moderate facility buffer; conservative endpoint snapping
C,50,5.0,geometry-only,5334,877,83.5583,129,44,301,168,144,63,28,129,189,129,63,7,0,0,40,24,8500,no,no mixed-voltage circuits; moderate facility buffer; conservative endpoint snapping
C,50,5.0,voltage-aware,5334,877,83.5583,129,44,301,168,144,63,28,129,189,129,63,7,0,0,40,24,8500,no,no mixed-voltage circuits; moderate facility buffer; conservative endpoint snapping
C,50,5.0,voltage-status-aware,5334,942,82.3397,137,47,323,208,168,27,32,137,196,137,65,9,0,0,0,27,11450,no,no mixed-voltage circuits; moderate facility buffer; conservative endpoint snapping
C,50,10.0,geometry-only,5334,440,91.751,45,17,120,110,66,45,37,45,78,45,33,7,0,0,37,10,1730,no,no mixed-voltage circuits; moderate facility buffer; conservative endpoint snapping
C,50,10.0,voltage-aware,5334,440,91.751,45,17,120,110,66,45,37,45,78,45,33,7,0,0,37,10,1730,no,no mixed-voltage circuits; moderate facility buffer; conservative endpoint snapping
C,50,10.0,voltage-status-aware,5334,515,90.345,51,20,139,155,94,13,43,51,88,51,37,7,0,0,0,13,4150,no,no mixed-voltage circuits; moderate facility buffer; conservative endpoint snapping
C,50,25.0,geometry-only,5334,126,97.6378,3,1,10,67,13,8,24,3,6,3,3,2,0,0,7,2,-170,no,no mixed-voltage circuits; moderate facility buffer; conservative endpoint snapping
C,50,25.0,voltage-aware,5334,126,97.6378,3,1,10,67,13,8,24,3,6,3,3,2,0,0,7,2,-170,no,no mixed-voltage circuits; moderate facility buffer; conservative endpoint snapping
C,50,25.0,voltage-status-aware,5334,200,96.2505,5,2,30,103,20,3,37,5,10,5,5,2,0,0,0,3,300,no,no mixed-voltage circuits; moderate facility buffer; conservative endpoint snapping
C,50,50.0,geometry-only,5334,79,98.5189,1,0,1,56,3,4,14,1,2,1,1,2,0,1,3,1,-430,no,moderate facility buffer
C,50,50.0,voltage-aware,5334,80,98.5002,1,0,1,56,3,5,14,1,2,1,1,2,0,0,4,1,-390,no,no mixed-voltage circuits; moderate facility buffer
C,50,50.0,voltage-status-aware,5334,151,97.1691,3,1,17,88,7,2,33,3,6,3,3,2,0,0,0,2,-50,no,no mixed-voltage circuits; moderate facility buffer
C,100,0.5,geometry-only,5334,1340,74.8781,347,97,487,214,104,86,5,347,367,347,63,53,0,0,1,85,28790,no,no mixed-voltage circuits; moderate facility buffer; conservative endpoint snapping
C,100,0.5,voltage-aware,5334,1340,74.8781,347,97,487,214,104,86,5,347,367,347,63,53,0,0,1,85,28790,no,no mixed-voltage circuits; moderate facility buffer; conservative endpoint snapping
C,100,0.5,voltage-status-aware,5334,1341,74.8594,347,97,487,216,104,85,5,347,367,347,63,53,0,0,0,85,28850,no,no mixed-voltage circuits; moderate facility buffer; conservative endpoint snapping
C,100,1.0,geometry-only,5334,1234,76.8654,287,93,455,206,118,67,8,287,326,287,63,37,0,0,9,60,24110,no,no mixed-voltage circuits; moderate facility buffer; conservative endpoint snapping
C,100,1.0,voltage-aware,5334,1234,76.8654,287,93,455,206,118,67,8,287,326,287,63,37,0,0,9,60,24110,no,no mixed-voltage circuits; moderate facility buffer; conservative endpoint snapping
C,100,1.0,voltage-status-aware,5334,1247,76.6217,289,93,461,209,121,66,8,289,327,289,63,37,0,0,0,66,24150,no,no mixed-voltage circuits; moderate facility buffer; conservative endpoint snapping
C,100,5.0,geometry-only,5334,877,83.5583,147,54,293,135,142,78,28,147,210,147,66,8,0,0,40,39,8850,no,no mixed-voltage circuits; moderate facility buffer; conservative endpoint snapping
C,100,5.0,voltage-aware,5334,877,83.5583,147,54,293,135,142,78,28,147,210,147,66,8,0,0,40,39,8850,no,no mixed-voltage circuits; moderate facility buffer; conservative endpoint snapping
C,100,5.0,voltage-status-aware,5334,942,82.3397,157,58,317,170,166,42,32,157,220,157,69,11,0,0,0,42,12050,no,no mixed-voltage circuits; moderate facility buffer; conservative endpoint snapping
C,100,10.0,geometry-only,5334,440,91.751,54,25,106,101,64,53,37,54,94,54,40,7,0,0,37,20,1730,no,no mixed-voltage circuits; moderate facility buffer; conservative endpoint snapping
C,100,10.0,voltage-aware,5334,440,91.751,54,25,106,101,64,53,37,54,94,54,40,7,0,0,37,20,1730,no,no mixed-voltage circuits; moderate facility buffer; conservative endpoint snapping
C,100,10.0,voltage-status-aware,5334,515,90.345,61,31,127,140,90,23,43,61,105,61,44,7,0,0,0,23,4150,no,no mixed-voltage circuits; moderate facility buffer; conservative endpoint snapping
C,100,25.0,geometry-only,5334,126,97.6378,6,1,9,65,13,8,24,6,12,6,6,2,0,0,7,2,130,no,no mixed-voltage circuits; moderate facility buffer; conservative endpoint snapping
C,100,25.0,voltage-aware,5334,126,97.6378,6,1,9,65,13,8,24,6,12,6,6,2,0,0,7,2,130,no,no mixed-voltage circuits; moderate facility buffer; conservative endpoint snapping
C,100,25.0,voltage-status-aware,5334,200,96.2505,9,6,29,96,20,3,37,9,18,9,9,2,0,0,0,3,700,no,no mixed-voltage circuits; moderate facility buffer; conservative endpoint snapping
C,100,50.0,geometry-only,5334,79,98.5189,1,0,2,55,3,4,14,1,2,1,1,2,0,1,3,2,-480,no,moderate facility buffer
C,100,50.0,voltage-aware,5334,80,98.5002,1,0,2,55,3,5,14,1,2,1,1,2,0,0,4,2,-440,no,no mixed-voltage circuits; moderate facility buffer
C,100,50.0,voltage-status-aware,5334,151,97.1691,3,3,19,84,6,3,33,3,6,3,3,2,0,0,0,3,-150,no,no mixed-voltage circuits; moderate facility buffer
C,250,0.5,geometry-only,5334,1340,74.8781,353,113,466,196,102,105,5,353,369,353,61,27,0,0,1,104,26190,no,no mixed-voltage circuits; moderate facility buffer; conservative endpoint snapping
C,250,0.5,voltage-aware,5334,1340,74.8781,353,113,466,196,102,105,5,353,369,353,61,27,0,0,1,104,26190,no,no mixed-voltage circuits; moderate facility buffer; conservative endpoint snapping
C,250,0.5,voltage-status-aware,5334,1341,74.8594,353,113,466,198,102,104,5,353,369,353,61,27,0,0,0,104,26250,no,no mixed-voltage circuits; moderate facility buffer; conservative endpoint snapping
C,250,1.0,geometry-only,5334,1234,76.8654,295,108,435,188,116,84,8,295,331,295,63,27,0,0,9,77,22710,no,no mixed-voltage circuits; moderate facility buffer; conservative endpoint snapping
C,250,1.0,voltage-aware,5334,1234,76.8654,295,108,435,188,116,84,8,295,331,295,63,27,0,0,9,77,22710,no,no mixed-voltage circuits; moderate facility buffer; conservative endpoint snapping
C,250,1.0,voltage-status-aware,5334,1247,76.6217,297,109,440,191,119,83,8,297,331,297,62,27,0,0,0,83,22750,no,no mixed-voltage circuits; moderate facility buffer; conservative endpoint snapping
C,250,5.0,geometry-only,5334,877,83.5583,148,58,287,126,141,89,28,148,211,148,67,8,0,0,40,53,7700,no,no mixed-voltage circuits; moderate facility buffer; conservative endpoint snapping
C,250,5.0,voltage-aware,5334,877,83.5583,148,58,287,126,141,89,28,148,211,148,67,8,0,0,40,53,7700,no,no mixed-voltage circuits; moderate facility buffer; conservative endpoint snapping
C,250,5.0,voltage-status-aware,5334,942,82.3397,157,68,312,154,163,56,32,157,221,157,70,8,0,0,0,56,10500,no,no mixed-voltage circuits; moderate facility buffer; conservative endpoint snapping
C,250,10.0,geometry-only,5334,440,91.751,55,25,109,94,64,56,37,55,96,55,41,7,0,0,37,25,1430,no,no mixed-voltage circuits; moderate facility buffer; conservative endpoint snapping
C,250,10.0,voltage-aware,5334,440,91.751,55,25,109,94,64,56,37,55,96,55,41,7,0,0,37,25,1430,no,no mixed-voltage circuits; moderate facility buffer; conservative endpoint snapping
C,250,10.0,voltage-status-aware,5334,515,90.345,62,36,131,127,88,28,43,62,106,62,44,7,0,0,0,28,3750,no,no mixed-voltage circuits; moderate facility buffer; conservative endpoint snapping
C,250,25.0,geometry-only,5334,126,97.6378,6,2,12,60,13,9,24,6,12,6,6,2,0,0,7,3,30,no,no mixed-voltage circuits; moderate facility buffer; conservative endpoint snapping
C,250,25.0,voltage-aware,5334,126,97.6378,6,2,12,60,13,9,24,6,12,6,6,2,0,0,7,3,30,no,no mixed-voltage circuits; moderate facility buffer; conservative endpoint snapping
C,250,25.0,voltage-status-aware,5334,200,96.2505,9,11,32,87,19,5,37,9,18,9,9,2,0,0,0,5,500,no,no mixed-voltage circuits; moderate facility buffer; conservative endpoint snapping
C,250,50.0,geometry-only,5334,79,98.5189,1,0,5,51,3,5,14,1,2,1,1,2,0,1,3,3,-580,no,moderate facility buffer
C,250,50.0,voltage-aware,5334,80,98.5002,1,0,5,51,3,6,14,1,2,1,1,2,0,0,4,3,-540,no,no mixed-voltage circuits; moderate facility buffer
C,250,50.0,voltage-status-aware,5334,151,97.1691,3,5,24,76,5,5,33,3,6,3,3,2,0,0,0,5,-350,no,no mixed-voltage circuits; moderate facility buffer
C,500,0.5,geometry-only,5334,1340,74.8781,343,146,429,186,101,130,5,343,363,343,60,27,0,0,1,129,22190,no,no mixed-voltage circuits; conservative endpoint snapping
C,500,0.5,voltage-aware,5334,1340,74.8781,343,146,429,186,101,130,5,343,363,343,60,27,0,0,1,129,22190,no,no mixed-voltage circuits; conservative endpoint snapping
C,500,0.5,voltage-status-aware,5334,1341,74.8594,343,146,429,188,101,129,5,343,363,343,60,27,0,0,0,129,22250,no,no mixed-voltage circuits; conservative endpoint snapping
C,500,1.0,geometry-only,5334,1234,76.8654,293,139,402,177,113,102,8,293,327,293,61,27,0,0,9,96,20160,no,no mixed-voltage circuits; conservative endpoint snapping
C,500,1.0,voltage-aware,5334,1234,76.8654,293,139,402,177,113,102,8,293,327,293,61,27,0,0,9,96,20160,no,no mixed-voltage circuits; conservative endpoint snapping
C,500,1.0,voltage-status-aware,5334,1247,76.6217,293,141,406,180,115,104,8,293,327,293,61,27,0,0,0,104,19750,no,no mixed-voltage circuits; conservative endpoint snapping
C,500,5.0,geometry-only,5334,877,83.5583,150,72,269,120,137,101,28,150,213,150,67,8,0,0,40,67,6100,no,no mixed-voltage circuits; conservative endpoint snapping
C,500,5.0,voltage-aware,5334,877,83.5583,150,72,269,120,137,101,28,150,213,150,67,8,0,0,40,67,6100,no,no mixed-voltage circuits; conservative endpoint snapping
C,500,5.0,voltage-status-aware,5334,942,82.3397,157,85,293,146,156,73,32,157,221,157,70,8,0,0,0,73,8300,no,no mixed-voltage circuits; conservative endpoint snapping
C,500,10.0,geometry-only,5334,440,91.751,56,32,103,90,64,58,37,56,98,56,42,7,0,0,37,28,780,no,no mixed-voltage circuits; conservative endpoint snapping
C,500,10.0,voltage-aware,5334,440,91.751,56,32,103,90,64,58,37,56,98,56,42,7,0,0,37,28,780,no,no mixed-voltage circuits; conservative endpoint snapping
C,500,10.0,voltage-status-aware,5334,515,90.345,62,47,124,120,86,33,43,62,106,62,44,7,0,0,0,33,2750,no,no mixed-voltage circuits; conservative endpoint snapping
C,500,25.0,geometry-only,5334,126,97.6378,6,4,12,58,13,9,24,6,12,6,6,2,0,0,7,3,-470,no,no mixed-voltage circuits; conservative endpoint snapping
C,500,25.0,voltage-aware,5334,126,97.6378,6,4,12,58,13,9,24,6,12,6,6,2,0,0,7,3,-470,no,no mixed-voltage circuits; conservative endpoint snapping
C,500,25.0,voltage-status-aware,5334,200,96.2505,8,17,32,81,18,7,37,8,16,8,8,2,0,0,0,7,-300,no,no mixed-voltage circuits; conservative endpoint snapping
C,500,50.0,geometry-only,5334,79,98.5189,1,1,6,49,3,5,14,1,2,1,1,2,0,1,3,3,-1080,no,higher ambiguity or weak graph structure
C,500,50.0,voltage-aware,5334,80,98.5002,1,1,6,49,3,6,14,1,2,1,1,2,0,0,4,3,-1040,no,no mixed-voltage circuits
C,500,50.0,voltage-status-aware,5334,151,97.1691,2,10,25,70,5,6,33,2,4,2,2,2,0,0,0,6,-1050,no,no mixed-voltage circuits
